{
  "loc": 0.35,
  "sc": 0.68,
  "sh": 5.5,
  "boundaries": [
    0.41076509987603843,
    0.6199643742994642,
    1.2020840944342144,
    1.6326101374505397,
    2.163188007365026
  ]
}
